village_id,name,tehsil,census_code,latitude,longitude,population,households,is_town,elevation_m,slope_deg,aspect_deg,curvature,twi,dist_river_km,dist_road_km,dist_disaster_km,hazard_probability,zone,vulnerability_index,thrive_landslide,thrive_flood,thrive_cloudburst,thrive_vulnerability,thrive_recurrence
1,Uttarkashi Town,Bhatwari,040445,30.727,78.445,17475,3360,True,1126.0,3.98,35.6,0.1221,15.1,0.58,0.0,0.0,0.6478,orange,64.8,0.19,0.7,0.16,0.31,0.4401
2,Gangotri,Bhatwari,040412,30.995,78.94,110,21,False,3071.0,37.71,249.6,-0.3672,12.69,6.18,0.0,0.0,0.5434,orange,54.3,0.53,0.17,0.59,0.17,0.2187
3,Harsil,Bhatwari,040415,31.036,78.738,1200,230,False,2614.0,29.83,84.8,-1.1022,12.99,0.69,0.0,0.0,0.5323,orange,53.2,0.54,0.47,0.52,0.28,0.2044
4,Dharali,Bhatwari,040416,31.023,78.784,800,153,False,3120.0,35.71,36.7,-0.3674,12.76,2.42,0.0,0.0,0.5134,orange,51.3,0.52,0.19,0.56,0.24,0.1117
5,Bhatwari,Bhatwari,040425,30.8,78.585,2500,480,False,2518.0,26.13,358.1,-0.2443,13.14,0.47,0.15,0.0,0.6165,orange,61.6,0.42,0.55,0.52,0.42,0.3915
6,Maneri,Bhatwari,040429,30.777,78.543,3000,576,False,2185.0,35.73,313.0,1.5,12.76,0.83,0.0,0.0,0.5519,orange,55.2,0.54,0.37,0.46,0.31,0.1792
7,Gangori,Bhatwari,040436,30.735,78.48,1500,288,False,1748.0,41.66,351.9,0.3663,12.55,2.9,0.0,1.67,0.5433,orange,54.3,0.46,0.28,0.34,0.16,0.3472
8,Barsu,Bhatwari,040421,30.853,78.686,450,86,False,2422.0,41.7,215.9,1.5,12.54,3.44,0.0,0.0,0.5623,orange,56.2,0.54,0.24,0.63,0.09,0.2526
9,Sukhi,Bhatwari,040423,30.81,78.63,380,73,False,1882.0,41.43,161.0,1.5,12.55,4.83,0.0,4.42,0.5028,orange,50.3,0.54,0.2,0.51,0.09,0.0802
10,Jhala,Bhatwari,040422,30.85,78.65,300,57,False,2324.0,36.05,156.0,1.4668,12.75,0.0,0.0,3.44,0.5904,orange,59.0,0.62,0.57,0.61,0.24,0.0639
11,Lanka,Bhatwari,040428,30.78,78.51,520,100,False,2088.0,37.76,117.9,1.5,12.68,3.06,0.0,3.15,0.4961,yellow,49.6,0.52,0.24,0.43,0.16,0.0784
12,Mukhba,Bhatwari,040417,31.03,78.745,650,125,False,2794.0,32.35,49.5,0.2449,12.89,0.48,0.0,0.94,0.5551,orange,55.5,0.46,0.47,0.56,0.35,0.1745
13,Didsari,Bhatwari,040432,30.76,78.53,720,138,False,2217.0,44.56,251.0,0.7327,12.44,1.46,0.19,2.26,0.5258,orange,52.6,0.54,0.37,0.59,0.24,0.1201
14,Seku,Bhatwari,040434,30.745,78.49,420,80,False,1296.0,16.13,225.5,-1.3431,13.67,4.15,0.62,2.93,0.4637,yellow,46.4,0.39,0.32,0.33,0.09,0.2096
15,Netala,Bhatwari,040433,30.755,78.525,950,182,False,1936.0,37.58,14.6,0.4884,12.69,2.19,0.0,2.98,0.4786,yellow,47.9,0.49,0.28,0.46,0.16,0.1078
16,Heena,Bhatwari,040435,30.74,78.505,810,155,False,1347.0,28.42,264.5,-0.9767,13.04,4.71,1.12,3.25,0.4531,yellow,45.3,0.39,0.32,0.27,0.16,0.1861
17,Lata,Bhatwari,040427,30.785,78.56,390,75,False,2808.0,41.88,157.7,1.5,12.54,2.53,0.16,1.84,0.5413,orange,54.1,0.52,0.28,0.67,0.13,0.1927
18,Sainj,Bhatwari,040426,30.795,78.575,440,84,False,2530.0,32.53,274.7,1.3438,12.88,0.73,0.22,0.73,0.5921,orange,59.2,0.44,0.47,0.56,0.21,0.3293
19,Dunda,Dunda,040478,30.6,78.38,2800,538,False,1787.0,34.8,191.1,-0.1219,12.79,0.0,0.0,1.46,0.5351,orange,53.5,0.43,0.57,0.5,0.38,0.0824
20,Barkot,Dunda,040475,30.614,78.355,6720,1292,True,1559.0,28.41,95.5,0.4877,13.04,2.84,0.0,1.49,0.4254,yellow,42.5,0.38,0.36,0.33,0.23,0.0811
21,Tikochi,Dunda,040482,30.58,78.42,700,134,False,2452.0,19.37,204.5,0.3657,13.47,4.4,2.2,5.8,0.4842,yellow,48.4,0.28,0.32,0.53,0.2,0.0134
22,Dhanari,Dunda,040480,30.59,78.4,850,163,False,2466.0,28.94,58.2,-0.2438,13.02,2.2,0.0,3.61,0.4845,yellow,48.5,0.35,0.36,0.46,0.16,0.0296
23,Athali,Dunda,040476,30.625,78.39,610,117,False,2035.0,31.93,201.7,0.0,12.9,2.93,0.0,2.53,0.4775,yellow,47.8,0.43,0.28,0.57,0.16,0.0487
24,Matli,Dunda,040470,30.66,78.42,1200,230,False,1561.0,27.59,334.3,-1.5,13.08,2.22,0.0,4.4,0.4442,yellow,44.4,0.48,0.36,0.24,0.16,0.0954
25,Chinyalisaur,Chinyalisaur,040512,30.52,78.24,15487,2978,True,2103.0,46.21,214.0,1.0963,12.39,2.41,0.0,15.88,0.5087,orange,50.9,0.62,0.28,0.41,0.23,0.0867
26,Lakhwar,Chinyalisaur,040515,30.51,78.27,900,173,False,1859.0,31.39,305.3,1.5,12.92,2.2,0.0,14.61,0.4024,yellow,40.2,0.41,0.28,0.34,0.16,0.0944
27,Jakhol Chinyalisaur,Chinyalisaur,040520,30.49,78.2,600,115,False,1298.0,29.89,245.4,-0.2436,12.98,4.88,5.05,20.93,0.4191,yellow,41.9,0.37,0.24,0.21,0.25,0.0619
28,Dharasu,Chinyalisaur,040508,30.55,78.31,1400,269,False,1005.0,19.59,59.9,1.5,13.46,0.95,0.0,8.77,0.4663,yellow,46.6,0.28,0.49,0.11,0.24,0.1394
29,Barethi,Chinyalisaur,040514,30.525,78.28,680,130,False,2143.0,22.15,43.3,1.5,13.33,3.36,0.0,12.73,0.3993,yellow,39.9,0.26,0.32,0.3,0.16,0.107
30,Mori,Mori,040375,31.1,78.1,1480,284,False,2301.0,16.52,125.0,1.3481,13.64,0.0,0.0,8.32,0.5233,orange,52.3,0.36,0.65,0.45,0.31,0.1436
31,Netwar,Mori,040382,31.05,78.15,800,153,False,2857.0,38.18,56.0,-1.4698,12.67,5.55,0.0,4.87,0.5348,orange,53.5,0.57,0.22,0.5,0.2,0.0704
32,Sankri,Mori,040380,31.082,78.185,600,115,False,1842.0,41.6,7.9,-0.3676,12.55,8.32,0.0,0.0,0.5844,orange,58.4,0.54,0.18,0.46,0.16,0.4867
33,Taluka,Mori,040385,31.05,78.06,400,76,False,1592.0,24.68,286.1,-0.8574,13.21,6.73,0.0,12.39,0.3553,yellow,35.5,0.31,0.3,0.18,0.09,0.1094
34,Osla,Mori,040371,31.12,78.25,550,105,False,2522.0,26.44,115.3,1.5,13.13,14.42,6.2,7.23,0.4591,yellow,45.9,0.38,0.3,0.45,0.29,0.0344
35,Gangad,Mori,040373,31.11,78.22,480,92,False,2053.0,30.77,119.5,-0.8579,12.95,11.45,3.25,4.38,0.4507,yellow,45.1,0.46,0.18,0.43,0.13,0.0832
36,Dhatmir,Mori,040378,31.09,78.195,370,71,False,2090.0,23.07,108.1,0.4902,13.28,9.09,0.0,1.21,0.5565,orange,55.7,0.26,0.3,0.45,0.09,0.3582
37,Fitadi,Mori,040368,31.14,78.29,310,59,False,3291.0,20.1,143.3,0.3678,13.43,18.59,10.59,11.6,0.4566,yellow,45.7,0.29,0.25,0.37,0.34,0.1154
38,Purola,Purola,040401,30.85,78.1,4920,946,True,1725.0,15.14,231.1,0.3667,13.74,1.9,0.0,0.0,0.4567,yellow,45.7,0.24,0.36,0.33,0.15,0.2199
39,Rama Sera,Purola,040398,30.87,78.12,780,150,False,1792.0,21.66,104.4,-0.1223,13.35,3.61,0.0,2.92,0.4042,yellow,40.4,0.23,0.32,0.38,0.16,0.0702
40,Gundiyat Gaon,Purola,040395,30.885,78.135,640,123,False,2043.0,24.68,213.7,0.9782,13.21,3.72,0.0,5.11,0.4134,yellow,41.3,0.28,0.32,0.43,0.16,0.0292
41,Hudoli,Purola,040403,30.86,78.09,530,101,False,1446.0,18.46,235.6,0.489,13.53,1.46,0.0,1.46,0.4505,yellow,45.1,0.27,0.45,0.33,0.24,0.1434
42,Rajgarhi,Rajgarhi,040465,30.65,78.55,1220,234,False,2127.0,26.15,58.2,0.4879,13.14,12.79,0.0,8.8,0.3774,yellow,37.7,0.38,0.26,0.27,0.16,0.139
43,Kharadi,Rajgarhi,040462,30.67,78.52,800,153,False,2343.0,41.0,97.2,1.22,12.57,9.41,0.0,5.24,0.4452,yellow,44.5,0.52,0.22,0.53,0.16,0.0948
44,Naugaon,Naugaon,040455,30.7,78.5,3450,663,False,2024.0,34.82,284.9,-0.6102,12.79,5.8,0.0,2.2,0.5324,orange,53.2,0.44,0.22,0.46,0.23,0.313
45,Siror,Naugaon,040458,30.68,78.46,1820,350,False,2007.0,32.17,210.6,0.0,12.89,3.8,0.0,0.0,0.556,orange,55.6,0.42,0.2,0.53,0.16,0.4556
46,Nirakot,Naugaon,040453,30.71,78.48,600,115,False,1742.0,23.21,178.4,0.8544,13.28,3.61,0.0,0.0,0.6507,orange,65.1,0.29,0.32,0.41,0.16,0.6087
47,Mando,Naugaon,040456,30.69,78.47,400,76,False,2106.0,22.66,49.2,-0.4881,13.3,4.83,0.0,0.0,0.5153,orange,51.5,0.34,0.32,0.42,0.09,0.566
48,Kankrari,Naugaon,040454,30.7,78.49,350,67,False,1844.0,28.36,253.8,0.4882,13.05,5.05,0.0,1.46,0.5297,orange,53.0,0.4,0.26,0.45,0.09,0.437
49,Janki Chatti,Rajgarhi,040448,30.985,78.442,920,176,False,3111.0,35.28,295.3,-1.1016,12.78,1.83,0.0,24.36,0.4953,yellow,49.5,0.58,0.23,0.44,0.24,0.0493
50,Kharsali,Rajgarhi,040447,30.99,78.45,760,146,False,3017.0,37.6,358.5,-0.9793,12.69,1.11,0.0,24.44,0.5107,orange,51.1,0.51,0.32,0.44,0.32,0.049
51,Barnigad,Rajgarhi,040468,30.64,78.49,850,163,False,2186.0,22.23,281.3,-0.122,13.32,8.0,0.0,5.28,0.4183,yellow,41.8,0.28,0.26,0.36,0.16,0.062
